[{"assetType":"PolicyAction","assetObject":{"name":"Policy Action [Straight Through Routing] -> Policy For API Customer[1.0]","id":"78af2cda-ec88-4bc2-8a61-07d8ab243e0c","status":"Success","explanation":"OK"}},{"assetType":"PolicyAction","assetObject":{"name":"Policy Action [Outbound Authentication - Transport] -> Policy For API Customer[1.0]","id":"0063b57d-17fc-4358-afba-202f15344662","status":"Success","explanation":"OK"}},{"assetType":"PolicyAction","assetObject":{"name":"Policy Action [Enable HTTP / HTTPS] -> Policy For API Customer[1.0]","id":"6b71497f-11e9-40ec-8617-362342f20b7d","status":"Success","explanation":"OK"}},{"assetType":"Alias","assetObject":{"name":"MicroServiceAlias","id":"a75b235d-9923-44cf-9887-cefcf3557822","status":"Success","explanation":"OK"}},{"assetType":"PolicyAction","assetObject":{"name":"Policy Action [Log Invocation] -> Policy For API Customer[1.0]","id":"ada88c27-a3bf-4fbf-a480-f65e533ba6e3","status":"Success","explanation":"OK"}},{"assetType":"Policy","assetObject":{"name":"Policy For API Customer[1.0]","id":"dc261496-9555-4197-8925-ab51c786745f","status":"Success","explanation":"OK"}},{"assetType":"API","assetObject":{"name":"Customer[1.0]","id":"b4032c81-7aee-4d06-b5c7-a3bb92e19c33","status":"Success","explanation":"OK"}},{"assetType":"PassmanData","assetObject":{"name":"0063b57d-17fc-4358-afba-202f15344662password","id":"0063b57d-17fc-4358-afba-202f15344662password","status":"Success","explanation":"OK"}}]